{
	"info": {
		"_postman_id": "7727ebed-4e8a-46be-b474-6d2ad646553b",
		"name": "EzCommerce",
		"schema": "https://schema.getpostman.com/json/collection/v2.1.0/collection.json"
	},
	"item": [
		{
			"name": "Create user",
			"request": {
				"method": "POST",
				"header": [],
				"body": {
					"mode": "raw",
					"raw": "{\r\n    \"name\": \"Nombre\",\r\n    \"paternalSurname\": \"Apellido\",\r\n    \"maternalSurname\": \"Otro Apellido\",\r\n    \"age\": 20,\r\n    \"phone\": \"1234567890\",\r\n    \"email\": \"tacos@test.io\",\r\n    \"username\": \"test\",\r\n    \"password\": \"Test1.\"\r\n}",
					"options": {
						"raw": {
							"language": "json"
						}
					}
				},
				"url": {
					"raw": "http://localhost:8080/api/user",
					"protocol": "http",
					"host": [
						"localhost"
					],
					"port": "8080",
					"path": [
						"api",
						"user"
					]
				}
			},
			"response": []
		},
		{
			"name": "Login",
			"request": {
				"method": "POST",
				"header": [],
				"body": {
					"mode": "raw",
					"raw": "{\r\n    \"username\": \"test\",\r\n    \"password\": \"Test1.\"\r\n}",
					"options": {
						"raw": {
							"language": "json"
						}
					}
				},
				"url": {
					"raw": "http://localhost:8080/api/user/login",
					"protocol": "http",
					"host": [
						"localhost"
					],
					"port": "8080",
					"path": [
						"api",
						"user",
						"login"
					]
				}
			},
			"response": []
		}
	]
}